Pages les plus populaires,Clics,Impressions,CTR,Position
https://www.tokyo-expat.com/en/blog/jiko-bukken-cheap-apartments-tokyo,2,35,5.71%,11.43
https://www.tokyo-expat.com/fr/blog/share-house-tokyo-guide-complet,1,187,0.53%,23.32
https://www.tokyo-expat.com/fr/blog/logement-etudiant-tokyo-guide,1,95,1.05%,21.67
https://www.tokyo-expat.com/fr/blog/famille-expatriee-tokyo-ecoles-internationales,1,3,33.33%,4.67
https://www.tokyo-expat.com/en/blog/find-apartment-tokyo-foreigner,0,1145,0%,35.32
https://www.tokyo-expat.com/en/blog/gaijin-house-vs-share-house-tokyo,0,319,0%,25.25
https://www.tokyo-expat.com/en/blog/furnished-apartment-tokyo-top-5-expats,0,102,0%,18.9
https://www.tokyo-expat.com/en/blog/furnished-apartment-tokyo-expats,0,97,0%,26.82
https://www.tokyo-expat.com/en/blog/japan-digital-nomad-visa-2026,0,58,0%,33.55
https://www.tokyo-expat.com/en/blog/international-moving-company-japan-guide,0,44,0%,24.16
https://www.tokyo-expat.com/en/blog/japan-working-holiday-visa-guide-2026,0,44,0%,29.86
https://www.tokyo-expat.com/en/blog/japan-income-tax-foreigners-guide,0,27,0%,23.04
https://www.tokyo-expat.com/fr/blog/trouver-appartement-tokyo-etranger,0,26,0%,25.73
https://www.tokyo-expat.com/en/blog/japan-sim-card-foreigners-2026,0,23,0%,21.7
https://www.tokyo-expat.com/en/blog/residence-card-japan-zairyu-card-guide,0,21,0%,34
https://www.tokyo-expat.com/en/blog,0,20,0%,2.5
https://www.tokyo-expat.com/blog/assurance-maladie-japon-expatrie,0,17,0%,15
https://www.tokyo-expat.com/fr/blog/demenageur-international-japon-guide,0,16,0%,29.12
https://www.tokyo-expat.com/en/blog/bringing-pets-to-japan-guide,0,15,0%,38.73
https://www.tokyo-expat.com/en/blog/tokyo-apartment-hunting-from-abroad,0,14,0%,31.29
https://www.tokyo-expat.com/fr/blog/garantie-loyer-etranger-japon,0,13,0%,8.62
https://www.tokyo-expat.com/fr,0,12,0%,2.58
https://www.tokyo-expat.com/en/contact,0,10,0%,4
https://www.tokyo-expat.com/fr/blog/chercher-appartement-tokyo-depuis-etranger,0,10,0%,30.8
https://www.tokyo-expat.com/fr/blog/permis-conduire-etranger-japon-conversion,0,9,0%,9.11
https://www.tokyo-expat.com/fr/blog/cout-vie-tokyo-expatrie-2026,0,8,0%,9.12
https://www.tokyo-expat.com/fr/blog/logement-etudiant-tokyo-octobre,0,8,0%,9.75
https://www.tokyo-expat.com/fr/blog/pvt-japon-visa-vacances-travail-2026,0,7,0%,8
https://www.tokyo-expat.com/blog/ouvrir-compte-bancaire-japon-etranger,0,7,0%,11.29
https://www.tokyo-expat.com/blog/impots-revenus-japon-expatrie-2026,0,6,0%,6
https://www.tokyo-expat.com/en/blog/student-housing-tokyo-october,0,6,0%,10.33
https://www.tokyo-expat.com/blog/trouver-appartement-tokyo-etranger,0,6,0%,32.83
https://www.tokyo-expat.com/en/blog/tokyo-neighbourhoods-expats-guide,0,6,0%,40.33
https://www.tokyo-expat.com/en/blog/japanese-language-schools-tokyo-guide,0,6,0%,44
https://www.tokyo-expat.com/fr/blog/virement-international-japon-wise-revolut,0,5,0%,7.8
https://www.tokyo-expat.com/fr/blog/appartement-meuble-tokyo-expats,0,5,0%,20
https://www.tokyo-expat.com/en/blog/tokyo-vs-osaka-expat-living-comparison,0,5,0%,22.4
https://www.tokyo-expat.com/en/blog/tokyo-osaka-kyoto-which-city-to-live,0,5,0%,56
https://www.tokyo-expat.com/en/blog/best-neighbourhoods-families-tokyo-guide,0,4,0%,7.25
https://www.tokyo-expat.com/fr/blog/checklist-bail-tokyo,0,4,0%,9.25
https://www.tokyo-expat.com/en/blog/setting-up-utilities-tokyo-apartment,0,4,0%,13.5
https://www.tokyo-expat.com/en/blog/student-housing-tokyo-guide-2026,0,4,0%,31.25
https://www.tokyo-expat.com/fr/blog/appartement-meuble-tokyo-expats-top-5,0,3,0%,24
https://www.tokyo-expat.com/en/blog/send-money-to-japan-from-abroad,0,3,0%,37.67
https://www.tokyo-expat.com/,0,2,0%,7.5
https://www.tokyo-expat.com/fr/blog/tokyo-osaka-kyoto-ou-s-installer,0,2,0%,9.5
https://www.tokyo-expat.com/fr/blog/quartiers-tokyo-familles-expatriees-guide,0,2,0%,11
https://www.tokyo-expat.com/en/blog/moving-to-tokyo-checklist-2026,0,2,0%,15.5
https://www.tokyo-expat.com/fr/blog/logement-etudiant-tokyo-2026,0,2,0%,31
https://www.tokyo-expat.com/en,0,1,0%,3
https://www.tokyo-expat.com/en/blog/negotiating-rent-tokyo-tips,0,1,0%,8
https://www.tokyo-expat.com/en/blog/tokyo-public-transport-expat-guide,0,1,0%,8
https://www.tokyo-expat.com/fr/blog/jiko-bukken-appartements-pas-chers-tokyo,0,1,0%,9
https://www.tokyo-expat.com/en/blog/tokyo-expat-cost-of-living-2026,0,1,0%,10
https://www.tokyo-expat.com/fr/blog/visa-nomade-digital-japon-2026,0,1,0%,11
https://www.tokyo-expat.com/fr/blog/ouvrir-compte-bancaire-japon-etranger,0,1,0%,29
https://www.tokyo-expat.com/fr/blog/cours-japonais-tokyo-expatries-guide,0,1,0%,30